Date,UserId,Product,Count,Price
2024-05-22,873,Wheat,57,67.2
2024-01-10,448,Cotton,27,55.5
2024-05-14,680,Plastic,18,92.3
2024-06-05,141,Plastic,79,90.0
2024-01-14,631,Cotton,8,84.4
2024-02-24,653,Plastic,97,18.3
2024-05-13,791,Cotton,98,14.7
2024-02-26,733,Plastic,62,29.6
2024-02-19,741,Leather,36,66.6
2024-06-06,974,Steel,69,28.7
2024-02-24,666,Plastic,50,42.0
2024-04-29,160,Leather,24,35.9
2024-04-28,295,Plastic,65,58.3
2024-01-26,535,Steel,8,35.4
2024-04-14,336,Wheat,30,51.7
2024-01-01,561,Wheat,13,53.3
2024-03-09,901,Plastic,36,68.6
2024-05-22,926,Cotton,1,11.7
2024-06-03,676,Steel,11,98.6
2024-04-13,800,Leather,34,57.5
2024-02-18,187,Cotton,55,70.6
2024-06-02,741,Leather,89,76.0
2024-01-27,819,Steel,73,23.1
2024-01-20,455,Steel,96,10.2
2024-05-07,404,Cotton,30,50.9
2024-04-09,399,Steel,41,83.2
2024-05-05,362,Plastic,51,64.2
2024-01-13,2,Wheat,96,47.1
2024-07-05,593,Cotton,24,26.2
2024-02-07,460,Cotton,88,80.9
2024-04-18,180,Wheat,50,12.9
2024-03-23,692,Cotton,38,90.7
2024-02-23,443,Leather,99,36.3
2024-02-27,223,Wheat,25,54.7
2024-06-15,393,Steel,58,13.0
2024-06-28,253,Plastic,25,17.9
2024-04-06,352,Cotton,8,30.0
2024-05-22,143,Leather,39,28.5
2024-01-31,885,Leather,14,90.5
2024-07-04,649,Steel,47,84.0
2024-07-11,63,Cotton,26,32.3
2024-04-19,409,Steel,46,66.3
2024-04-22,636,Cotton,7,58.7
2024-04-09,705,Cotton,78,64.2
2024-03-16,187,Plastic,42,13.4
2024-05-09,984,Steel,17,95.3
2024-01-25,76,Steel,99,52.0
2024-04-30,235,Steel,63,84.7
2024-04-14,351,Wheat,58,61.8
2024-07-11,478,Steel,30,42.2
2024-06-07,280,Wheat,17,25.1
2024-02-21,45,Plastic,1,95.2
2024-02-28,481,Cotton,69,54.4
2024-05-20,906,Plastic,20,17.7
2024-05-19,120,Leather,100,61.0
2024-02-28,984,Leather,4,94.4
2024-02-12,301,Leather,39,92.4
2024-01-07,100,Leather,43,53.5
2024-01-17,846,Plastic,13,30.2
2024-06-16,345,Cotton,97,17.2
2024-07-16,214,Wheat,23,67.1
2024-04-19,827,Wheat,46,35.7
2024-02-09,224,Wheat,60,18.1
2024-05-17,927,Leather,9,18.5
2024-04-22,662,Cotton,9,35.8
2024-01-31,491,Plastic,77,11.4
2024-07-13,64,Leather,52,76.3
2024-01-04,900,Steel,45,14.8
2024-04-01,919,Steel,54,35.2
2024-06-12,888,Cotton,42,73.3
2024-06-30,453,Steel,36,19.2
2024-02-09,931,Leather,26,46.0
2024-05-09,902,Plastic,66,83.7
2024-02-15,375,Cotton,83,93.6
2024-04-05,210,Wheat,79,79.9
2024-06-24,22,Leather,51,54.0
2024-01-23,331,Plastic,3,64.1
2024-03-26,510,Cotton,85,33.5
2024-05-10,128,Plastic,51,32.8
2024-05-17,242,Leather,74,43.7
2024-01-16,738,Leather,55,83.9
2024-06-06,634,Wheat,75,84.3
2024-06-21,589,Cotton,56,89.3
2024-04-21,950,Wheat,38,81.0
2024-04-13,395,Wheat,13,85.7
2024-03-11,54,Leather,8,70.5
2024-03-31,980,Leather,93,68.5
2024-03-11,372,Leather,73,67.3
2024-01-06,994,Plastic,69,29.8
2024-03-25,887,Wheat,43,85.1
2024-06-30,378,Cotton,94,49.6
2024-07-15,145,Steel,58,46.8
2024-02-25,248,Wheat,55,52.0
2024-02-17,656,Steel,42,90.3
2024-06-15,11,Steel,49,60.1
2024-03-01,769,Leather,59,98.1
2024-02-07,646,Wheat,27,45.0
2024-02-17,684,Leather,46,55.0
2024-04-04,413,Steel,69,34.7
2024-07-02,200,Leather,31,58.4
2024-03-23,471,Plastic,65,84.7
2024-03-03,772,Wheat,29,11.9
2024-01-02,510,Cotton,18,44.3
2024-05-14,74,Steel,61,24.2
2024-06-12,442,Plastic,72,58.3
2024-01-10,977,Steel,47,28.3
2024-01-23,818,Plastic,57,25.9
2024-03-07,431,Steel,23,94.3
2024-02-14,563,Cotton,54,20.2
2024-06-16,830,Leather,23,62.2
2024-02-12,302,Steel,17,66.7
2024-05-08,142,Cotton,12,86.9
2024-02-10,722,Cotton,45,91.2
2024-06-14,434,Cotton,60,58.4
2024-03-26,360,Leather,80,81.5
2024-02-01,318,Cotton,27,98.3
2024-06-12,549,Cotton,70,27.4
2024-03-28,996,Cotton,44,58.6
2024-01-31,528,Steel,47,28.4
2024-03-02,865,Wheat,55,14.2
2024-05-25,917,Cotton,62,74.1
2024-07-05,942,Steel,93,20.6
2024-02-06,997,Wheat,31,23.4
2024-06-02,696,Cotton,55,52.6
2024-02-27,545,Plastic,30,92.8
2024-07-03,366,Wheat,58,87.0
2024-05-26,57,Leather,19,79.6
2024-05-18,103,Leather,40,15.3
2024-07-10,75,Steel,71,92.2
2024-01-24,416,Plastic,78,60.5
2024-01-03,461,Wheat,16,80.7
2024-05-16,107,Wheat,46,97.3
2024-02-23,574,Plastic,100,72.8
2024-05-29,932,Wheat,5,16.1
2024-05-25,526,Leather,30,42.1
2024-01-30,453,Leather,10,79.2
2024-05-02,348,Plastic,34,74.4
2024-03-15,112,Plastic,16,79.9
2024-06-16,457,Plastic,38,63.8
2024-05-16,218,Leather,23,33.9
2024-02-12,276,Leather,43,46.4
2024-04-10,763,Wheat,83,44.5
2024-05-05,916,Cotton,72,28.0
2024-03-16,390,Plastic,85,51.4
2024-04-25,86,Leather,46,24.7
2024-06-30,179,Cotton,33,21.0
2024-02-12,327,Cotton,20,28.8
2024-05-26,214,Steel,20,44.8
2024-05-23,559,Plastic,41,100.0
2024-01-30,560,Steel,27,43.3
2024-05-07,987,Plastic,30,85.0
2024-05-02,865,Cotton,63,64.1
2024-07-05,678,Cotton,28,60.3
2024-02-15,468,Leather,8,53.9
2024-02-23,550,Leather,78,48.9
2024-05-31,298,Plastic,76,90.9
2024-04-05,144,Steel,17,70.2
2024-01-06,354,Leather,87,64.8
2024-03-24,242,Plastic,38,62.2
2024-02-05,615,Plastic,85,23.5
2024-02-22,484,Cotton,20,78.5
2024-05-04,801,Cotton,37,88.3
2024-06-20,601,Cotton,28,94.1
2024-06-22,841,Steel,81,12.4
2024-04-01,14,Plastic,9,70.6
2024-05-03,970,Plastic,18,12.9
2024-02-10,623,Wheat,93,39.2
2024-06-05,927,Cotton,85,75.9
2024-06-15,1000,Wheat,60,81.1
2024-03-24,576,Wheat,75,45.8
2024-02-08,367,Cotton,73,28.7
2024-01-16,607,Steel,74,74.3
2024-01-05,443,Steel,29,89.0
2024-02-01,403,Leather,3,57.6
2024-02-17,406,Steel,3,84.1
2024-07-11,307,Wheat,9,77.0
2024-01-15,230,Plastic,64,80.2
2024-04-26,615,Wheat,4,72.0
2024-01-21,591,Leather,84,20.1
2024-06-10,709,Plastic,44,16.3
2024-03-10,259,Steel,53,29.3
2024-04-24,289,Plastic,81,41.6
2024-02-19,681,Plastic,80,40.1
2024-03-13,184,Wheat,76,31.7
2024-02-03,636,Cotton,89,58.4
2024-01-05,199,Steel,63,99.4
2024-05-27,927,Plastic,54,99.4
2024-04-09,134,Cotton,30,49.8
2024-03-27,274,Plastic,16,45.3
2024-04-28,10,Plastic,97,14.3
2024-01-10,309,Plastic,34,95.1
2024-05-30,818,Wheat,86,31.0
2024-05-29,373,Wheat,67,31.2
2024-02-07,559,Wheat,96,19.3
2024-01-26,345,Wheat,67,75.9
2024-03-10,404,Wheat,4,97.5
2024-03-28,831,Wheat,67,46.2
2024-01-01,709,Leather,94,92.4
2024-04-12,682,Cotton,65,74.2
2024-03-11,773,Plastic,11,55.2
2024-04-30,201,Wheat,7,13.9
2024-06-14,236,Plastic,84,48.8
2024-02-03,232,Leather,3,40.0
2024-01-15,74,Wheat,56,13.1
2024-05-17,880,Wheat,38,26.7
2024-02-05,661,Cotton,7,50.2
2024-03-17,387,Steel,73,84.8
2024-03-11,47,Steel,62,98.9
2024-05-11,408,Leather,33,35.4
2024-02-17,79,Plastic,18,31.3
2024-01-28,531,Wheat,90,26.5
2024-02-18,347,Wheat,54,62.6
2024-06-06,264,Steel,49,21.1
2024-05-31,559,Steel,76,97.7
2024-06-05,49,Plastic,44,49.5
2024-01-17,457,Leather,73,50.9
2024-05-26,92,Plastic,42,65.8
2024-03-10,389,Wheat,53,68.7
2024-06-25,160,Steel,49,77.3
2024-02-18,503,Cotton,56,22.1
2024-05-30,387,Wheat,52,49.8
2024-03-10,475,Steel,85,26.9
2024-04-18,475,Cotton,13,65.3
2024-01-31,950,Leather,41,50.2
2024-01-29,675,Leather,19,55.4
2024-03-02,536,Plastic,26,43.8
2024-02-29,505,Steel,86,54.1
2024-03-25,120,Wheat,72,85.4
2024-06-14,195,Wheat,3,30.7
2024-06-05,692,Cotton,73,11.5
2024-06-17,717,Cotton,37,41.5
2024-03-06,646,Leather,73,18.4
2024-01-19,426,Plastic,90,99.1
2024-06-11,612,Steel,17,23.5
2024-01-19,181,Leather,49,20.0
2024-06-22,608,Plastic,100,29.9
2024-04-10,112,Cotton,21,86.7
2024-03-05,537,Leather,3,40.2
2024-02-11,172,Wheat,23,71.0
2024-03-07,162,Leather,5,95.5
2024-06-10,975,Leather,50,42.1
2024-03-23,310,Wheat,25,67.2
2024-03-27,367,Steel,59,56.7
2024-02-20,813,Leather,38,97.1
2024-05-08,619,Plastic,46,49.9
2024-03-16,69,Plastic,99,69.5
2024-01-29,549,Steel,54,20.1
2024-06-09,309,Cotton,78,95.8
2024-06-28,774,Cotton,62,36.2
2024-05-31,298,Cotton,89,88.7
2024-02-22,451,Steel,25,34.5
2024-07-05,409,Cotton,52,49.8
2024-06-26,925,Cotton,58,24.3
2024-05-23,109,Wheat,88,14.6
2024-03-02,741,Leather,59,51.9
2024-05-22,32,Steel,5,19.5
2024-02-21,556,Leather,72,58.1
2024-06-09,435,Cotton,43,23.2
2024-05-28,175,Plastic,66,66.1
2024-01-01,596,Plastic,99,38.3
2024-01-28,345,Leather,42,46.6
2024-05-25,256,Steel,40,74.3
2024-02-12,736,Wheat,91,91.5
2024-06-20,663,Steel,30,93.6
2024-01-24,261,Steel,17,22.8
2024-04-02,747,Leather,86,12.7
2024-05-19,523,Cotton,64,98.7
2024-07-13,883,Leather,45,76.9
2024-02-23,715,Plastic,4,33.8
2024-02-12,843,Wheat,22,10.2
2024-04-29,940,Steel,39,86.0
2024-03-27,613,Leather,74,70.3
2024-04-30,273,Steel,13,76.1
2024-04-17,372,Wheat,12,23.4
2024-05-06,260,Cotton,39,95.8
2024-02-10,620,Wheat,27,81.8
2024-03-05,5,Wheat,1,77.4
2024-03-06,79,Leather,67,29.5
2024-06-07,426,Plastic,36,70.8
2024-05-10,966,Cotton,34,19.3
2024-03-15,186,Wheat,3,74.8
2024-03-09,534,Wheat,100,46.4
2024-05-03,5,Steel,52,80.5
2024-05-21,621,Leather,47,32.2
2024-06-03,6,Plastic,72,58.3
2024-02-17,705,Leather,97,73.7
2024-02-10,144,Cotton,32,80.0
2024-02-19,895,Cotton,69,43.4
2024-01-01,310,Wheat,57,70.4
2024-03-04,457,Cotton,34,43.2
2024-03-07,773,Plastic,96,98.5
2024-06-11,577,Plastic,26,15.6
2024-07-14,483,Cotton,77,98.7
2024-06-11,34,Steel,12,86.4
2024-03-11,16,Steel,39,80.1
2024-06-15,367,Leather,43,50.7
2024-06-11,815,Leather,55,23.6
2024-06-01,794,Wheat,41,44.7
2024-04-29,575,Plastic,38,89.1
2024-03-02,599,Plastic,76,27.0
2024-04-09,389,Cotton,66,11.4
2024-05-29,917,Wheat,53,73.2
2024-01-31,559,Plastic,84,23.5
2024-02-01,553,Leather,39,57.5
2024-07-07,75,Plastic,78,21.5
2024-05-05,951,Wheat,98,35.4
2024-06-09,200,Plastic,12,87.4
2024-03-24,363,Cotton,41,88.3
2024-01-23,631,Wheat,13,76.6
2024-04-02,463,Wheat,36,13.2
2024-07-01,779,Cotton,36,79.6
2024-07-09,860,Steel,12,25.7
2024-03-17,689,Plastic,13,13.5
2024-04-01,453,Leather,93,86.1
2024-04-18,6,Steel,99,44.1
2024-03-14,462,Steel,33,51.7
2024-05-13,494,Plastic,52,92.8
2024-05-28,744,Wheat,13,96.5
2024-01-09,106,Leather,5,81.1
2024-07-03,893,Wheat,93,32.1
2024-02-22,18,Steel,79,98.7
2024-05-19,462,Cotton,27,71.9
2024-03-21,655,Plastic,30,73.4
2024-04-29,587,Leather,56,29.2
2024-02-02,518,Steel,94,56.5
2024-03-23,709,Plastic,10,66.1
2024-01-12,611,Plastic,87,68.4
2024-06-27,210,Cotton,88,18.2
2024-07-06,520,Leather,40,71.6
2024-02-02,116,Leather,12,56.8
2024-04-02,150,Steel,69,77.9
2024-03-11,359,Steel,96,40.8
2024-06-27,224,Leather,1,55.4
2024-06-06,589,Cotton,20,14.1
2024-05-16,264,Steel,13,37.0
2024-05-23,245,Plastic,3,82.9
2024-05-20,482,Wheat,93,37.8
2024-03-11,32,Leather,59,57.0
2024-07-04,642,Cotton,80,76.5
2024-03-16,444,Wheat,65,14.7
2024-01-18,112,Steel,31,90.3
2024-02-13,775,Plastic,47,43.6
2024-01-16,989,Cotton,96,41.4
2024-02-25,839,Plastic,50,63.0
2024-03-12,297,Steel,30,19.2
2024-04-26,422,Plastic,70,23.9
2024-04-11,148,Steel,92,10.1
2024-05-12,684,Leather,43,24.4
2024-01-31,295,Steel,5,73.7
2024-03-19,511,Leather,62,41.8
2024-03-03,916,Cotton,9,12.1
2024-05-19,601,Plastic,57,74.1
2024-04-27,568,Cotton,52,60.3
2024-03-07,904,Cotton,96,42.6
2024-03-31,836,Leather,99,46.5
2024-03-28,106,Steel,69,45.6
2024-06-30,381,Plastic,48,35.3
2024-03-29,810,Steel,15,35.3
2024-02-20,889,Plastic,35,78.6
2024-01-20,958,Leather,27,12.2
2024-01-12,290,Leather,59,18.7
2024-02-11,448,Leather,18,99.1
2024-06-09,953,Plastic,15,48.9
2024-05-24,34,Cotton,27,74.7
2024-07-05,883,Leather,28,19.2
2024-04-17,254,Leather,6,72.1
2024-03-15,117,Wheat,70,36.9
2024-04-11,298,Steel,95,71.5
2024-03-18,785,Cotton,45,52.4
2024-03-12,589,Steel,60,79.0
2024-03-19,289,Cotton,58,47.2
2024-06-18,997,Steel,72,36.0
2024-06-01,253,Leather,16,14.4
2024-02-16,929,Wheat,87,28.9
2024-05-09,502,Cotton,39,24.6
2024-02-04,247,Wheat,25,88.0
2024-06-21,177,Wheat,28,69.8
2024-05-05,162,Leather,86,99.4
2024-02-02,486,Plastic,99,26.5
2024-07-02,690,Steel,17,38.3
2024-04-23,430,Wheat,59,78.1
2024-07-07,610,Wheat,97,39.2
2024-04-04,441,Steel,22,53.3
2024-03-05,877,Steel,65,36.4
2024-02-24,946,Leather,26,57.9
2024-03-31,348,Leather,35,40.9
2024-03-19,984,Wheat,80,94.0
2024-06-21,754,Leather,4,17.8
2024-06-19,970,Leather,52,75.0
2024-01-03,99,Steel,12,24.6
2024-02-23,678,Steel,43,81.2
2024-05-03,608,Leather,54,25.5
2024-05-11,777,Cotton,72,77.8
2024-04-16,81,Leather,22,94.4
2024-05-10,704,Wheat,20,40.6
2024-04-29,190,Wheat,6,41.1
2024-06-03,268,Leather,53,39.0
2024-01-26,156,Plastic,76,43.5
2024-05-22,751,Cotton,40,63.8
2024-02-26,717,Wheat,36,39.9
2024-03-17,954,Leather,59,79.4
2024-02-05,335,Wheat,66,18.0
2024-05-18,107,Plastic,10,21.9
2024-07-16,467,Plastic,24,21.2
2024-06-30,591,Cotton,13,35.7
2024-03-02,39,Steel,53,38.3
2024-03-26,363,Steel,65,65.3
2024-03-19,239,Plastic,25,15.5
2024-02-17,436,Cotton,22,73.9
2024-03-24,327,Plastic,29,39.2
2024-03-08,379,Cotton,69,48.5
2024-03-31,984,Cotton,49,78.0
2024-04-17,181,Steel,70,34.0
2024-04-28,443,Cotton,25,41.3
2024-03-20,29,Wheat,37,26.8
2024-02-15,577,Cotton,78,41.2
2024-02-17,463,Plastic,97,31.0
2024-02-18,300,Cotton,65,15.6
2024-05-10,42,Steel,59,80.5
2024-02-07,990,Wheat,46,32.6
2024-06-13,179,Steel,81,50.4
2024-01-09,647,Cotton,67,24.8
2024-01-18,655,Wheat,16,91.1
2024-01-29,952,Wheat,83,93.3
2024-01-06,936,Plastic,7,55.6
2024-07-08,188,Leather,95,89.4
2024-05-23,613,Plastic,50,88.7
2024-02-24,798,Cotton,89,71.7
2024-06-14,12,Wheat,73,64.4
2024-04-20,268,Plastic,76,69.6
2024-06-06,252,Wheat,4,37.6
2024-01-09,378,Wheat,36,90.6
2024-06-19,131,Plastic,26,90.4
2024-02-25,437,Plastic,14,84.6
2024-03-26,778,Wheat,7,37.7
2024-02-26,881,Cotton,86,91.1
2024-02-03,939,Steel,69,30.7
2024-05-26,714,Steel,94,96.9
2024-04-17,828,Leather,48,27.5
2024-03-24,351,Plastic,31,31.1
2024-05-08,563,Cotton,96,78.6
2024-06-18,262,Leather,13,95.6
2024-04-16,375,Wheat,32,76.5
2024-03-03,706,Cotton,77,48.5
2024-06-18,808,Wheat,62,25.1
2024-04-28,629,Steel,17,72.9
2024-03-01,510,Leather,87,27.1
2024-05-20,336,Plastic,34,64.6
2024-03-22,819,Plastic,43,26.0
2024-07-01,821,Wheat,30,51.3
2024-02-08,485,Steel,64,33.7
2024-06-19,426,Plastic,76,65.7
2024-01-03,623,Steel,23,20.3
2024-02-04,99,Plastic,64,38.3
2024-03-09,658,Steel,96,61.8
2024-04-25,757,Steel,16,84.2
2024-04-04,145,Wheat,43,74.9
2024-06-10,56,Steel,16,74.2
2024-06-13,760,Cotton,67,39.0
2024-03-21,865,Steel,19,82.2
2024-06-14,584,Leather,61,23.2
2024-01-31,426,Steel,86,29.7
2024-04-26,435,Plastic,26,24.4
2024-05-01,582,Leather,57,93.1
2024-02-27,447,Plastic,35,32.0
2024-01-08,919,Wheat,11,64.3
2024-03-02,991,Plastic,75,78.2
2024-05-03,750,Leather,98,10.2
2024-01-01,304,Wheat,83,35.7
2024-06-22,638,Leather,87,13.6
2024-07-14,675,Steel,62,57.6
2024-06-11,418,Leather,52,99.4
2024-07-07,693,Steel,13,56.4
2024-07-06,634,Wheat,53,17.2
2024-04-26,308,Leather,88,94.0
2024-05-06,715,Cotton,50,99.6
2024-02-08,237,Steel,85,31.0
2024-04-02,932,Plastic,27,57.0
2024-01-17,873,Plastic,4,41.9
2024-03-28,58,Steel,57,47.3
2024-03-10,857,Wheat,30,43.0
2024-03-03,295,Wheat,43,46.0
2024-05-27,397,Steel,16,58.4
2024-01-30,493,Wheat,52,46.7
2024-05-05,812,Wheat,27,94.2
2024-01-29,547,Plastic,82,26.9
2024-02-08,872,Plastic,94,13.3
2024-02-21,289,Leather,89,65.1
2024-05-18,605,Cotton,91,22.9
2024-05-12,809,Plastic,4,61.7
2024-02-29,715,Wheat,89,29.2
2024-06-11,869,Plastic,72,91.1
2024-06-13,720,Leather,81,20.8
2024-07-03,100,Plastic,19,70.9
2024-01-03,321,Wheat,52,67.1
2024-07-05,432,Wheat,2,91.5
2024-04-14,867,Cotton,71,51.7
2024-04-03,831,Steel,65,68.1
2024-04-12,175,Wheat,76,27.2
2024-05-16,120,Wheat,72,36.3
2024-02-24,176,Plastic,73,68.7
2024-06-26,527,Plastic,16,68.2
2024-06-01,120,Wheat,15,78.1
2024-01-27,137,Leather,93,27.9
2024-05-05,177,Wheat,9,98.3
2024-02-19,609,Wheat,42,82.7
2024-01-28,952,Steel,6,57.9
2024-03-14,364,Leather,41,23.6
2024-07-13,758,Leather,71,17.8
2024-05-22,425,Steel,34,98.3
2024-02-11,845,Plastic,71,54.9
2024-05-30,731,Plastic,53,78.8
2024-04-27,136,Cotton,33,69.7
2024-05-30,730,Cotton,65,81.6
2024-04-08,857,Steel,2,41.7
2024-05-04,248,Cotton,51,31.1
2024-02-14,201,Leather,22,36.4
2024-06-25,747,Cotton,100,13.4
2024-05-10,678,Steel,9,47.7
2024-04-28,645,Steel,67,51.6
2024-01-26,927,Cotton,90,44.4
2024-01-05,343,Leather,71,89.8
2024-01-29,603,Cotton,42,67.6
2024-03-23,928,Wheat,43,12.8
2024-01-04,52,Cotton,10,40.5
2024-04-11,567,Steel,82,47.9
2024-02-24,849,Plastic,93,54.5
2024-01-05,48,Wheat,13,55.2
2024-01-10,490,Steel,56,22.4
2024-02-06,582,Leather,53,17.9
2024-04-21,416,Steel,49,24.6
2024-01-12,248,Wheat,1,88.9
2024-07-16,148,Steel,62,87.7
2024-02-06,628,Cotton,33,93.7
2024-03-31,58,Steel,22,53.5
2024-03-27,947,Leather,56,82.1
2024-01-27,69,Plastic,78,30.4
2024-03-20,208,Leather,61,85.3
2024-03-21,648,Steel,58,51.4
2024-07-12,495,Plastic,57,76.5
2024-02-04,862,Steel,98,64.6
2024-04-19,581,Plastic,4,83.1
2024-01-06,587,Cotton,12,72.9
2024-01-28,652,Steel,11,80.5
2024-05-06,296,Wheat,65,34.1
2024-05-30,322,Steel,51,77.7
2024-05-24,800,Leather,21,90.8
2024-01-04,682,Cotton,75,25.4
2024-03-08,92,Plastic,58,81.6
2024-02-10,476,Leather,41,75.4
2024-02-17,489,Leather,60,11.2
2024-04-22,716,Steel,59,13.7
2024-02-08,406,Plastic,42,39.5
2024-07-10,723,Cotton,15,48.6
2024-03-27,895,Steel,78,44.4
2024-01-02,96,Plastic,62,12.9
2024-03-29,747,Steel,70,60.8
2024-02-02,591,Steel,49,43.4
2024-03-06,625,Wheat,55,90.6
2024-07-05,291,Cotton,82,67.5
2024-06-09,677,Plastic,90,19.0
2024-05-07,94,Steel,9,68.5
2024-04-21,808,Wheat,40,71.5
2024-05-20,502,Steel,53,61.9
2024-02-07,621,Plastic,15,86.9
2024-06-08,937,Plastic,97,75.0
2024-03-02,950,Wheat,46,20.5
2024-01-14,332,Steel,70,74.6
2024-04-09,745,Plastic,1,87.8
2024-05-20,755,Wheat,61,59.8
2024-05-10,817,Steel,57,80.0
2024-02-10,188,Leather,23,28.3
2024-01-26,916,Cotton,72,98.0
2024-03-15,694,Plastic,61,59.3
2024-06-07,592,Wheat,53,45.6
2024-07-16,976,Wheat,34,39.2
2024-01-13,278,Wheat,1,20.3
2024-06-04,220,Wheat,17,61.7
2024-05-20,742,Plastic,28,52.5
2024-04-29,122,Leather,82,21.1
2024-06-17,687,Leather,80,68.1
2024-07-01,587,Steel,17,86.4
2024-02-08,884,Leather,56,97.5
2024-04-17,528,Leather,13,77.3
2024-02-05,113,Plastic,34,30.4
2024-04-05,808,Cotton,60,71.1
2024-01-14,876,Steel,95,87.2
2024-06-18,445,Leather,72,58.3
2024-01-25,421,Wheat,68,59.6
2024-05-22,988,Leather,83,38.9
2024-02-13,158,Leather,57,28.5
2024-03-07,745,Wheat,28,70.0
2024-06-21,34,Steel,17,58.6
2024-06-28,895,Leather,57,44.1
2024-03-11,944,Cotton,33,81.4
2024-02-11,266,Leather,16,97.7
2024-07-13,973,Wheat,37,50.4
2024-01-02,216,Wheat,57,63.6
2024-02-24,450,Plastic,60,27.3
2024-02-09,714,Leather,76,16.4
2024-07-02,852,Plastic,31,65.2
2024-01-02,730,Leather,96,69.0
2024-05-13,423,Cotton,54,45.7
2024-04-29,626,Leather,13,45.3
2024-04-30,420,Wheat,6,97.7
2024-04-20,275,Wheat,93,75.5
2024-03-06,788,Wheat,97,93.4
2024-01-10,48,Wheat,16,63.7
2024-02-19,198,Plastic,9,65.0
2024-01-05,275,Plastic,99,52.4
2024-02-28,264,Wheat,37,93.6
2024-05-22,963,Leather,84,72.9
2024-01-05,20,Steel,91,56.5
2024-03-17,607,Wheat,16,74.0
2024-01-23,89,Leather,61,10.7
2024-03-10,254,Plastic,48,46.3
2024-06-03,465,Leather,52,19.6
2024-04-04,690,Steel,41,93.5
2024-04-26,791,Plastic,22,74.0
2024-05-25,890,Wheat,76,16.3
2024-03-08,74,Plastic,16,20.7
2024-02-19,90,Cotton,65,94.6
2024-04-30,657,Plastic,27,97.3
2024-06-01,91,Wheat,96,40.4
2024-04-27,287,Steel,84,83.8
2024-05-10,234,Plastic,79,41.4
2024-01-03,101,Steel,15,60.2
2024-04-10,856,Wheat,66,61.6
2024-05-08,643,Cotton,22,99.0
2024-06-14,416,Cotton,5,47.3
2024-02-29,676,Steel,86,37.8
2024-07-06,774,Wheat,91,81.5
2024-03-04,408,Wheat,79,80.9
2024-03-14,676,Wheat,73,73.9
2024-02-28,59,Plastic,86,62.1
2024-03-03,579,Wheat,29,52.1
2024-01-30,585,Cotton,33,60.6
2024-05-17,912,Wheat,98,76.9
2024-06-19,786,Wheat,33,45.0
2024-04-09,624,Plastic,20,48.2
2024-03-08,205,Wheat,64,25.7
2024-05-24,133,Wheat,1,27.6
2024-02-02,823,Plastic,56,24.7
2024-04-13,130,Steel,57,93.1
2024-01-17,168,Steel,64,18.7
2024-07-14,551,Steel,63,22.7
2024-02-24,714,Wheat,81,52.0
2024-03-10,476,Leather,33,16.0
2024-03-30,138,Steel,42,76.9
2024-02-02,583,Cotton,12,19.1
2024-04-02,195,Leather,43,77.1
2024-02-26,677,Plastic,64,42.1
2024-03-04,311,Steel,6,44.9
2024-05-07,739,Cotton,53,37.1
2024-01-15,552,Steel,37,82.7
2024-04-18,275,Leather,91,43.0
2024-07-16,624,Cotton,30,96.0
2024-05-12,235,Leather,27,27.2
2024-03-25,867,Plastic,96,83.5
2024-07-13,560,Leather,1,95.9
2024-02-21,866,Plastic,77,53.7
2024-05-09,230,Wheat,32,95.4
2024-03-31,426,Plastic,35,74.7
2024-04-03,584,Cotton,69,52.2
2024-04-03,307,Leather,10,78.0
2024-03-31,5,Leather,18,91.1
2024-03-06,712,Plastic,5,89.5
2024-07-08,940,Steel,20,74.5
2024-03-02,338,Plastic,89,44.3
2024-03-28,707,Leather,55,14.4
2024-02-29,599,Leather,82,49.3
2024-06-08,113,Plastic,81,55.9
2024-07-07,15,Cotton,85,25.2
2024-02-14,195,Leather,16,89.5
2024-07-09,132,Wheat,11,31.3
2024-04-11,765,Steel,84,85.7
2024-04-22,516,Wheat,33,36.4
2024-07-16,614,Leather,39,60.4
2024-04-25,768,Steel,53,94.6
2024-02-17,181,Steel,16,90.8
2024-03-09,542,Cotton,53,91.0
2024-02-07,784,Plastic,15,61.8
2024-07-14,931,Cotton,28,10.3
2024-03-05,735,Cotton,77,11.9
2024-04-07,638,Steel,97,73.2
2024-01-20,48,Leather,62,56.0
2024-01-31,176,Steel,52,51.4
2024-01-18,201,Leather,56,93.9
2024-03-06,175,Cotton,48,79.2
2024-01-22,790,Steel,43,67.6
2024-07-12,725,Leather,15,66.5
2024-04-16,434,Steel,75,63.4
2024-02-12,805,Wheat,57,21.9
2024-04-12,660,Cotton,9,26.0
2024-05-20,385,Wheat,99,49.7
2024-04-04,447,Cotton,89,30.3
2024-07-09,800,Steel,49,83.0
2024-06-06,137,Leather,88,25.0
2024-05-18,397,Steel,67,15.2
2024-04-13,309,Plastic,50,12.5
2024-01-26,473,Steel,63,76.3
2024-02-16,249,Steel,37,27.0
2024-01-17,614,Wheat,24,27.5
2024-03-09,533,Plastic,52,40.6
2024-05-08,508,Plastic,55,89.1
2024-06-03,664,Wheat,62,41.8
2024-05-02,903,Plastic,31,56.5
2024-05-20,599,Wheat,1,28.9
2024-04-01,826,Steel,93,42.0
2024-01-23,900,Leather,62,39.4
2024-01-07,21,Leather,96,68.2
2024-06-05,764,Wheat,42,97.2
2024-04-27,531,Steel,14,44.6
2024-04-17,566,Steel,11,44.6
2024-02-14,721,Wheat,29,94.8
2024-03-04,734,Plastic,38,87.6
2024-06-21,256,Leather,12,93.5
2024-03-23,218,Plastic,33,16.0
2024-04-12,448,Wheat,41,54.2
2024-07-12,311,Leather,5,48.0
2024-06-06,363,Leather,77,69.4
2024-04-21,517,Steel,30,40.1
2024-02-08,563,Wheat,15,42.6
2024-04-05,98,Plastic,4,92.6
2024-01-20,67,Cotton,67,32.4
2024-06-11,409,Wheat,46,53.2
2024-04-26,293,Cotton,71,69.9
2024-05-11,616,Wheat,53,79.7
2024-06-22,250,Plastic,65,56.1
2024-04-28,872,Leather,43,16.3
2024-07-15,982,Wheat,70,68.6
2024-01-07,17,Steel,100,34.0
2024-07-11,395,Cotton,25,51.5
2024-05-27,783,Wheat,74,48.7
2024-05-02,108,Steel,56,42.7
2024-01-22,73,Wheat,63,81.7
2024-03-27,501,Steel,74,14.5
2024-03-30,954,Wheat,24,67.2
2024-04-16,399,Plastic,2,46.4
2024-04-29,697,Wheat,14,31.3
2024-03-23,243,Plastic,24,62.9
2024-05-31,2,Steel,77,94.8
2024-07-16,262,Steel,54,49.6
2024-01-17,74,Plastic,9,48.6
2024-03-11,796,Wheat,88,32.1
2024-05-18,348,Cotton,45,33.2
2024-03-16,519,Leather,59,68.9
2024-04-23,617,Leather,73,53.6
2024-02-06,971,Plastic,100,27.3
2024-05-24,643,Cotton,92,61.0
2024-03-20,501,Wheat,37,33.9
2024-06-17,224,Wheat,33,32.6
2024-06-17,783,Plastic,38,56.5
2024-07-03,84,Leather,65,26.7
2024-04-22,703,Plastic,96,25.5
2024-06-11,394,Cotton,84,98.9
2024-07-14,676,Wheat,65,70.4
2024-07-12,558,Cotton,54,59.4
2024-03-30,238,Plastic,78,40.7
2024-03-26,302,Cotton,10,70.3
2024-04-09,550,Wheat,90,14.1
2024-04-28,435,Wheat,79,46.5
2024-03-15,174,Steel,83,54.2
2024-03-25,688,Cotton,45,49.7
2024-01-02,977,Cotton,34,75.9
2024-03-31,423,Steel,23,90.4
2024-01-23,982,Leather,100,10.9
2024-05-29,138,Leather,44,28.1
2024-03-26,833,Steel,10,33.4
2024-05-14,1000,Wheat,17,99.4
2024-03-06,339,Steel,60,35.8
2024-03-16,459,Cotton,46,42.3
2024-06-03,903,Plastic,88,46.5
2024-06-16,446,Plastic,21,26.3
2024-03-08,895,Steel,77,66.9
2024-06-29,222,Leather,38,95.8
2024-03-18,80,Leather,17,79.6
2024-06-26,53,Steel,4,95.2
2024-04-29,725,Wheat,87,45.5
2024-04-23,459,Leather,51,60.9
2024-03-24,960,Wheat,25,58.5
2024-03-08,205,Leather,41,75.0
2024-02-07,272,Cotton,65,15.1
2024-06-09,959,Leather,76,81.2
2024-04-29,126,Wheat,63,56.4
2024-05-04,585,Steel,3,97.9
2024-01-16,917,Plastic,68,63.4
2024-05-01,255,Cotton,95,98.7
2024-05-26,251,Steel,51,31.1
2024-06-18,601,Wheat,88,63.2
2024-07-11,166,Plastic,74,16.5
2024-06-25,653,Leather,78,77.5
2024-04-10,917,Wheat,3,16.4
2024-06-06,189,Wheat,87,16.0
2024-01-18,786,Wheat,68,67.3
2024-02-23,151,Steel,17,18.2
2024-07-09,765,Plastic,3,49.4
2024-05-07,961,Cotton,71,35.0
2024-01-11,1,Plastic,44,11.0
2024-03-24,103,Cotton,99,96.0
2024-05-19,873,Cotton,86,58.5
2024-03-22,358,Steel,45,36.3
2024-07-07,249,Steel,97,77.5
2024-01-13,357,Leather,99,70.4
2024-04-04,835,Wheat,92,72.8
2024-04-10,942,Plastic,92,16.6
2024-06-23,687,Steel,27,92.6
2024-07-06,207,Wheat,93,69.6
2024-02-09,600,Cotton,71,14.3
2024-05-28,929,Wheat,58,29.1
2024-02-12,690,Wheat,1,19.7
2024-05-06,900,Steel,10,76.6
2024-04-25,933,Plastic,32,95.1
2024-02-20,697,Plastic,41,28.8
2024-02-20,490,Plastic,6,92.7
2024-04-29,54,Steel,64,96.9
2024-05-11,696,Leather,72,49.3
2024-07-08,883,Cotton,6,97.7
2024-03-13,934,Leather,68,54.0
2024-02-15,138,Plastic,42,55.8
2024-05-16,423,Wheat,12,93.9
2024-01-31,854,Plastic,49,24.8
2024-07-08,864,Plastic,74,34.8
2024-05-14,488,Steel,60,51.3
2024-06-25,134,Plastic,23,67.1
2024-02-18,559,Wheat,87,74.3
2024-02-15,345,Steel,1,40.0
2024-02-12,866,Plastic,73,19.8
2024-01-20,760,Wheat,14,14.6
2024-06-07,713,Leather,83,56.4
2024-06-20,514,Plastic,53,43.0
2024-04-18,292,Cotton,55,21.0
2024-03-09,493,Steel,41,25.9
2024-05-02,125,Leather,85,58.0
2024-05-19,641,Cotton,70,99.2
2024-03-01,786,Cotton,94,38.2
2024-05-29,527,Wheat,86,60.2
2024-06-14,475,Leather,32,61.8
2024-06-29,852,Cotton,49,82.0
2024-03-23,306,Plastic,27,45.9
2024-02-11,21,Steel,49,17.0
2024-07-03,826,Cotton,76,72.7
2024-04-16,937,Steel,87,44.0
2024-05-04,767,Leather,22,18.2
2024-04-03,288,Steel,5,62.7
2024-02-01,895,Cotton,8,49.4
2024-07-15,213,Plastic,64,31.3
2024-05-29,949,Steel,17,48.4
2024-02-06,827,Cotton,82,79.0
2024-01-25,516,Wheat,90,47.3
2024-05-12,325,Leather,3,27.4
2024-01-31,277,Plastic,8,73.0
2024-04-10,413,Steel,20,22.6
2024-07-07,570,Plastic,40,70.1
2024-04-21,917,Steel,81,38.4
2024-04-30,719,Plastic,57,51.1
2024-06-12,266,Wheat,63,16.3
2024-02-07,929,Wheat,19,37.8
2024-01-27,878,Leather,76,96.4
2024-02-25,281,Plastic,68,52.3
2024-01-14,486,Cotton,91,61.9
2024-03-06,604,Cotton,19,83.3
2024-01-11,395,Cotton,30,23.1
2024-04-29,22,Steel,83,83.2
2024-03-19,268,Wheat,15,87.6
2024-03-20,533,Leather,78,35.9
2024-05-24,245,Steel,31,36.6
2024-06-09,44,Plastic,22,93.7
2024-05-09,289,Cotton,96,61.9
2024-01-05,272,Steel,80,66.9
2024-05-14,289,Wheat,74,12.5
2024-02-14,531,Wheat,38,44.1
2024-03-08,74,Cotton,48,12.6
2024-05-28,831,Steel,100,31.7
2024-02-21,895,Steel,39,100.0
2024-06-23,407,Leather,78,45.7
2024-03-07,987,Wheat,41,97.6
2024-01-03,28,Leather,23,56.2
2024-05-11,20,Wheat,14,39.4
2024-02-10,225,Plastic,50,81.3
2024-02-26,286,Plastic,63,34.8
2024-03-24,522,Steel,86,68.0
2024-05-22,897,Leather,69,34.8
2024-04-24,77,Plastic,6,42.6
2024-04-29,973,Steel,36,57.8
2024-05-28,263,Leather,89,15.7
2024-01-17,652,Plastic,59,42.2
2024-04-22,700,Plastic,95,50.4
2024-07-04,510,Plastic,61,94.7
2024-03-02,40,Leather,62,55.9
2024-04-19,458,Leather,12,13.3
2024-03-28,354,Wheat,72,12.6
2024-06-01,692,Cotton,51,66.7
2024-05-08,427,Leather,3,44.2
2024-01-25,11,Cotton,25,43.1
2024-03-01,780,Wheat,60,39.9
2024-07-06,1,Leather,76,75.3
2024-02-08,754,Leather,5,33.1
2024-05-14,966,Cotton,24,48.0
2024-03-01,24,Cotton,4,79.6
2024-04-08,879,Plastic,80,22.9
2024-02-07,962,Cotton,67,42.8
2024-01-03,239,Leather,65,82.6
2024-02-08,614,Steel,20,90.0
2024-02-18,99,Leather,80,74.1
2024-02-24,797,Plastic,79,25.2
2024-04-30,560,Wheat,1,76.6
2024-05-17,148,Cotton,52,46.9
2024-02-27,201,Plastic,30,91.8
2024-01-30,129,Wheat,73,74.9
2024-06-06,811,Wheat,61,93.8
2024-05-07,326,Plastic,44,30.8
2024-02-10,911,Steel,82,33.2
2024-01-04,329,Cotton,86,73.7
2024-03-07,745,Wheat,28,38.6
2024-07-01,832,Wheat,87,58.8
2024-05-06,762,Wheat,80,33.2
2024-03-22,575,Cotton,4,38.6
2024-04-24,353,Wheat,32,49.0
2024-04-04,719,Leather,59,55.1
2024-02-28,314,Steel,74,29.5
2024-03-01,901,Leather,26,77.9
2024-03-10,227,Wheat,72,51.8
2024-05-28,946,Wheat,45,53.1
2024-04-24,605,Wheat,1,29.2
2024-02-22,429,Cotton,30,63.1
2024-05-15,453,Cotton,10,41.1
2024-06-29,118,Wheat,15,90.3
2024-05-25,985,Steel,15,95.4
2024-05-08,300,Leather,91,90.5
2024-05-07,11,Steel,53,19.4
2024-05-22,492,Plastic,85,69.7
2024-07-11,459,Steel,55,23.2
2024-05-07,395,Plastic,64,46.3
2024-07-12,865,Leather,1,83.0
2024-05-13,857,Plastic,14,33.3
2024-04-19,553,Steel,35,99.1
2024-05-08,130,Cotton,19,60.1
2024-06-17,521,Steel,35,29.0
2024-05-11,840,Wheat,57,52.9
2024-01-26,858,Leather,20,29.5
2024-06-18,316,Wheat,4,69.1
2024-07-07,285,Wheat,14,99.7
2024-06-22,48,Cotton,61,40.5
2024-05-24,852,Leather,40,57.7
2024-03-08,813,Steel,61,78.4
2024-03-13,644,Steel,12,88.2
2024-04-06,958,Steel,30,55.5
2024-03-12,359,Cotton,75,59.2
2024-02-22,826,Leather,14,56.1
2024-07-11,146,Leather,36,95.8
2024-05-12,745,Plastic,89,20.2
2024-01-17,497,Steel,86,12.6
2024-01-09,133,Plastic,74,73.6
2024-01-11,743,Plastic,77,83.7
2024-03-05,833,Leather,74,97.4
2024-01-14,365,Steel,60,97.1
2024-01-03,165,Wheat,58,34.0
2024-06-16,728,Plastic,37,91.2
2024-05-08,77,Steel,87,16.8
2024-06-05,993,Steel,33,66.2
2024-01-02,214,Plastic,83,48.8
2024-02-28,660,Plastic,35,59.0
2024-07-07,599,Plastic,51,74.3
2024-03-04,977,Cotton,78,85.7
2024-05-25,430,Wheat,71,87.8
2024-05-31,177,Cotton,44,58.2
2024-06-19,210,Steel,16,88.1
2024-03-27,514,Leather,83,23.7
2024-01-15,820,Steel,65,19.9
2024-01-15,103,Wheat,64,19.3
2024-01-06,922,Leather,53,94.0
2024-01-15,778,Cotton,79,10.7
2024-06-02,923,Wheat,95,30.0
2024-06-07,801,Cotton,42,59.0
2024-06-24,787,Wheat,14,14.4
2024-05-12,128,Cotton,72,28.6
2024-06-08,358,Plastic,56,73.3
2024-07-05,55,Plastic,16,34.2
2024-07-10,244,Steel,58,85.4
2024-04-23,940,Leather,94,58.4
2024-02-06,97,Wheat,60,18.7
2024-05-24,476,Plastic,43,58.4
2024-01-09,702,Cotton,50,66.2
2024-03-08,325,Steel,81,27.1
2024-04-27,465,Plastic,98,42.4
2024-03-19,994,Plastic,33,34.3
2024-06-01,536,Leather,15,46.6
2024-06-24,385,Cotton,24,85.4
2024-05-23,827,Plastic,30,94.9
2024-05-10,557,Steel,61,39.4
2024-06-28,413,Wheat,5,89.0
2024-01-27,823,Steel,1,53.6
2024-02-13,658,Cotton,17,24.8
2024-04-30,116,Plastic,98,25.7
2024-05-17,724,Plastic,6,31.2
2024-07-07,570,Steel,64,35.7
2024-03-27,883,Steel,75,87.3
2024-03-10,479,Cotton,65,77.6
2024-01-09,10,Wheat,53,85.1
